{"pesos":[[0.36680882918436086],[0.010893918233446848]],"sesgo":[-0.3732312503170002],"activacion":"escalon"}